DROP DATABASE ZOO;
CREATE DATABASE ZOO;

USE ZOO;

CREATE TABLE PRACOWNICY(
	ID_PRACOWNIKA NUMERIC(2) CONSTRAINT PK_PRACOWNIKA PRIMARY KEY,
	IMIE VARCHAR(20) NOT NULL,
	NAZWISKO VARCHAR(20) NOT NULL,
	PESEL NUMERIC(11) NOT NULL UNIQUE,
	DATA_ZATRUDNIENIA DATE NOT NULL,
	STANOWISKO VARCHAR(20) NOT NULL,
	PENSJA_MIESIECZNA NUMERIC(4) CHECK(PENSJA_MIESIECZNA>=500) NOT NULL,
	DODATEK_DO_PENSJI NUMERIC(4)
);


CREATE TABLE PENSJA(
	ETAT VARCHAR(20) CONSTRAINT PK_PENSJA PRIMARY KEY,
	DODATEK NUMERIC(4)
);


CREATE TABLE ZAGRODY(
	ID_ZAGRODY NUMERIC(2) CONSTRAINT PK_ZAGRODY PRIMARY KEY,
	SRODOWISKO VARCHAR(30) NOT NULL,
	ROZMIAR NUMERIC(4) CHECK(ROZMIAR>0) NOT NULL,
	MAX_ZWIERZAT NUMERIC(2) NOT NULL,
	ID_SPRZATACZA NUMERIC(2) CONSTRAINT FK_PRAC_SPRZ REFERENCES PRACOWNICY(ID_PRACOWNIKA),
	DNI_SPRZATANIA VARCHAR(30),
	ID_POMOCNIKA NUMERIC(2) CONSTRAINT FK_ID_POMOCNIKA REFERENCES PRACOWNICY(ID_PRACOWNIKA),
	DATA_OTWARCIA DATE
);


CREATE TABLE ZWIERZETA(
	ID NUMERIC(2) CONSTRAINT PK_ZWIERZETA PRIMARY KEY,
	GATUNEK VARCHAR(30) NOT NULL,
	IMIE VARCHAR(20),
	WAGA NUMERIC(6),
	OD_KIEDY DATE,
	WIEK NUMERIC(3),
	ID_ZAGRODY NUMERIC(2) CONSTRAINT FK_ID_ZAGRODY REFERENCES ZAGRODY(ID_ZAGRODY),
	ID_OPIEKUNA NUMERIC(2) CONSTRAINT FK_ID_OPIEKUNA REFERENCES PRACOWNICY(ID_PRACOWNIKA) 
);

INSERT INTO PENSJA VALUES ('OPIEKUN',300);
INSERT INTO PENSJA VALUES ('SPRZATACZ',150);
INSERT INTO PENSJA VALUES ('PRAKTYKANT',NULL);
INSERT INTO PENSJA VALUES ('OPIEKUN STARSZY',540);
INSERT INTO PENSJA VALUES ('SPRZATACZ PODWODNY',1300);


CREATE SEQUENCE ID_PRAC START WITH 1 MAXVALUE 99 INCREMENT BY 1;
INSERT INTO PRACOWNICY VALUES (ID_PRAC.NEXTVAL,'RADOSLAW','KOTARSKI',50061679279,TO_DATE('29-03-2018','DD-MM-YYYY'),'OPIEKUN',2250,(SELECT DODATEK FROM PENSJA WHERE ETAT='OPIEKUN'));
INSERT INTO PRACOWNICY VALUES (ID_PRAC.NEXTVAL,'JAN','KAMINSKI',81032236498,TO_DATE('13-02-2013','DD-MM-YYYY'),'SPRZATACZ',1250,(SELECT DODATEK FROM PENSJA WHERE ETAT='SPRZATACZ'));
INSERT INTO PRACOWNICY VALUES (ID_PRAC.NEXTVAL,'KRZYSZTOF','CZAJKA',92030798255,TO_DATE('23-06-2022','DD-MM-YYYY'),'PRAKTYKANT',500,(SELECT DODATEK FROM PENSJA WHERE ETAT='PRAKTYKANT'));
INSERT INTO PRACOWNICY VALUES (ID_PRAC.NEXTVAL,'ZUZANNA','PATYK',15323478515,TO_DATE('11-03-2015','DD-MM-YYYY'),'OPIEKUN',2500,(SELECT DODATEK FROM PENSJA WHERE ETAT='OPIEKUN STARSZY'));
INSERT INTO PRACOWNICY VALUES (ID_PRAC.NEXTVAL,'KRZYSZTOF','MIRKIEWICZ',12332156723,TO_DATE('01-02-2022','DD-MM-YYYY'),'SPRZATACZ',1100,(SELECT DODATEK FROM PENSJA WHERE ETAT='SPRZATACZ'));
INSERT INTO PRACOWNICY VALUES (ID_PRAC.NEXTVAL,'ADAM','MALYSZ',54367945637,TO_DATE('11-12-2001','DD-MM-YYYY'),'SPRZATACZ PODWODNY',7555,(SELECT DODATEK FROM PENSJA WHERE ETAT='SPRZATACZ PODWODNY'));
INSERT INTO PRACOWNICY VALUES (ID_PRAC.NEXTVAL,'JAKUB','PEDZIWILK',92574589666,TO_DATE('15-02-2007','DD-MM-YYYY'),'SPRZATACZ PODWODNY',6200,(SELECT DODATEK FROM PENSJA WHERE ETAT='SPRZATACZ PODWODNY'));
INSERT INTO PRACOWNICY VALUES (ID_PRAC.NEXTVAL,'ARKADIUSZ','KRECIK',45645677912,TO_DATE('11-11-2020','DD-MM-YYYY'),'SPRZATACZ',1500,(SELECT DODATEK FROM PENSJA WHERE ETAT='SPRZATACZ'));
INSERT INTO PRACOWNICY VALUES (ID_PRAC.NEXTVAL,'BARBARA','KRZYWDA',62956002111,TO_DATE('02-06-2021','DD-MM-YYYY'),'PRAKTYKANT',700,(SELECT DODATEK FROM PENSJA WHERE ETAT='PRAKTYKANT'));
INSERT INTO PRACOWNICY VALUES (ID_PRAC.NEXTVAL,'NATALIA','MAREK',27400029300,TO_DATE('24-04-2013','DD-MM-YYYY'),'OPIEKUN',2500,(SELECT DODATEK FROM PENSJA WHERE ETAT='OPIEKUN'));
INSERT INTO PRACOWNICY VALUES (ID_PRAC.NEXTVAL,'MARIA','MARCINIEWSKA',12342109213,TO_DATE('12-12-2007','DD-MM-YYYY'),'OPIEKUN',3200,(SELECT DODATEK FROM PENSJA WHERE ETAT='OPIEKUN'));
INSERT INTO PRACOWNICY VALUES (ID_PRAC.NEXTVAL,'PATRYK','KOWALSKI',12346344402,TO_DATE('08-05-2022','DD-MM-YYYY'),'SPRZATACZ',1250,(SELECT DODATEK FROM PENSJA WHERE ETAT='SPRZATACZ'));
INSERT INTO PRACOWNICY VALUES (ID_PRAC.NEXTVAL,'JAKUB','MAZURCZAK',24567834566,TO_DATE('17-07-2007','DD-MM-YYYY'),'OPIEKUN',2500,(SELECT DODATEK FROM PENSJA WHERE ETAT='OPIEKUN'));
INSERT INTO PRACOWNICY VALUES (ID_PRAC.NEXTVAL,'KRZYSZTOF','KRZYSZTOFIK',28562378899,TO_DATE('21-06-2018','DD-MM-YYYY'),'OPIEKUN',2250,(SELECT DODATEK FROM PENSJA WHERE ETAT='OPIEKUN'));
INSERT INTO PRACOWNICY VALUES (ID_PRAC.NEXTVAL,'MILOSZ','KOTLARSKI',12353433322,TO_DATE('15-09-2001','DD-MM-YYYY'),'OPIEKUN',3000,(SELECT DODATEK FROM PENSJA WHERE ETAT='OPIEKUN STARSZY'));
INSERT INTO PRACOWNICY VALUES (ID_PRAC.NEXTVAL,'OLAF','SOLKIEWICZ',56709812366,TO_DATE('12-02-2021','DD-MM-YYYY'),'PRAKTYKANT',800,(SELECT DODATEK FROM PENSJA WHERE ETAT='PRAKTYKANT'));
INSERT INTO PRACOWNICY VALUES (ID_PRAC.NEXTVAL,'KINGA','KUBICKA',62799876510,TO_DATE('02-03-2021','DD-MM-YYYY'),'OPIEKUN',1250,(SELECT DODATEK FROM PENSJA WHERE ETAT='OPIEKUN'));
INSERT INTO PRACOWNICY VALUES (ID_PRAC.NEXTVAL,'WOLODZIMIR','DYMITROW',12346476511,TO_DATE('23-05-2008','DD-MM-YYYY'),'OPIEKUN',2820,(SELECT DODATEK FROM PENSJA WHERE ETAT='OPIEKUN'));
INSERT INTO PRACOWNICY VALUES (ID_PRAC.NEXTVAL,'GRAZYNA','NOWAKOWNA',54634532122,TO_DATE('05-03-2017','DD-MM-YYYY'),'SPRZATACZ',1500,(SELECT DODATEK FROM PENSJA WHERE ETAT='SPRZATACZ'));
INSERT INTO PRACOWNICY VALUES (ID_PRAC.NEXTVAL,'JESSIE','CHRISNA',65827509356,TO_DATE('12-03-2021','DD-MM-YYYY'),'PRAKTYKANT',750,(SELECT DODATEK FROM PENSJA WHERE ETAT='PRAKTYKANT'));
INSERT INTO PRACOWNICY VALUES (ID_PRAC.NEXTVAL,'KRZYSZTOF','KRZYSIEK',23537622312,TO_DATE('23-03-2015','DD-MM-YYYY'),'OPIEKUN',2100,(SELECT DODATEK FROM PENSJA WHERE ETAT='OPIEKUN'));
INSERT INTO PRACOWNICY VALUES (ID_PRAC.NEXTVAL,'JAKUB','KRZYWDA',24364575623,TO_DATE('09-11-2013','DD-MM-YYYY'),'SPRZATACZ',1200,(SELECT DODATEK FROM PENSJA WHERE ETAT='SPRZATACZ'));
INSERT INTO PRACOWNICY VALUES (ID_PRAC.NEXTVAL,'REMIGIUSZ','MACIASZEK',12657904566,TO_DATE('17-07-2019','DD-MM-YYYY'),'OPIEKUN',2250,(SELECT DODATEK FROM PENSJA WHERE ETAT='OPIEKUN'));
INSERT INTO PRACOWNICY VALUES (ID_PRAC.NEXTVAL,'REMIGIUSZ','WIERZGON',6926598767,TO_DATE('11-06-2022','DD-MM-YYYY'),'PRAKTYKANT',750,(SELECT DODATEK FROM PENSJA WHERE ETAT='PRAKTYKANT'));
INSERT INTO PRACOWNICY VALUES (ID_PRAC.NEXTVAL,'MAGDALENA','MARIA',82309669696,TO_DATE('07-07-2015','DD-MM-YYYY'),'SPRZATACZ',1200,(SELECT DODATEK FROM PENSJA WHERE ETAT='SPRZATACZ'));
INSERT INTO PRACOWNICY VALUES (ID_PRAC.NEXTVAL,'TOMASZ','DZIALOWY',40471912367,TO_DATE('29-10-2011','DD-MM-YYYY'),'OPIEKUN',2100,(SELECT DODATEK FROM PENSJA WHERE ETAT='OPIEKUN'));
INSERT INTO PRACOWNICY VALUES (ID_PRAC.NEXTVAL,'PATRYK','ROJEWSKI',72490872322,TO_DATE('15-03-2003','DD-MM-YYYY'),'OPIEKUN',2300,(SELECT DODATEK FROM PENSJA WHERE ETAT='OPIEKUN'));
INSERT INTO PRACOWNICY VALUES (ID_PRAC.NEXTVAL,'PIOTR','SKOWYRSKI',16962890001,TO_DATE('12-01-2017','DD-MM-YYYY'),'SPRZATACZ',1250,(SELECT DODATEK FROM PENSJA WHERE ETAT='SPRZATACZ'));
INSERT INTO PRACOWNICY VALUES (ID_PRAC.NEXTVAL,'MIKOLAJ','MACIASZEK',58729820911,TO_DATE('11-05-2019','DD-MM-YYYY'),'OPIEKUN STARSZY',3100,(SELECT DODATEK FROM PENSJA WHERE ETAT='OPIEKUN STARSZY'));


CREATE SEQUENCE ID_ZAG START WITH 1 MAXVALUE 99 INCREMENT BY 1;
INSERT INTO ZAGRODY VALUES (ID_ZAG.NEXTVAL,'WIEJSKIE',500,7,2,'PON,SR,SB',3,TO_DATE('09-02-2013','DD-MM-YYYY'));
INSERT INTO ZAGRODY VALUES (ID_ZAG.NEXTVAL,'WIEJSKIE',400,15,5,'WT,SR,PT',3,TO_DATE('11-12-2015','DD-MM-YYYY'));
INSERT INTO ZAGRODY VALUES (ID_ZAG.NEXTVAL,'OCEAN',1025,2,6,'NDZ',NULL,TO_DATE('12-12-2001','DD-MM-YYYY'));
INSERT INTO ZAGRODY VALUES (ID_ZAG.NEXTVAL,'OCEAN ANTARKTYCZNY',750,8,7,'NDZ',16,TO_DATE('12-12-2001','DD-MM-YYYY'));
INSERT INTO ZAGRODY VALUES (ID_ZAG.NEXTVAL,'OCEAN GLEBINOWY',750,6,7,'NDZ',NULL,TO_DATE('12-12-2001','DD-MM-YYYY'));
INSERT INTO ZAGRODY VALUES (ID_ZAG.NEXTVAL,'ARKTYKA',675,12,8,'PON,CZW',9,TO_DATE('06-01-2017','DD-MM-YYYY'));
INSERT INTO ZAGRODY VALUES (ID_ZAG.NEXTVAL,'ARKTYKA',345,6,8,'WT,CZW,SB,NDZ',9,TO_DATE('23-04-2004','DD-MM-YYYY'));
INSERT INTO ZAGRODY VALUES (ID_ZAG.NEXTVAL,'ARKTYKA',500,10,12,'PT,NDZ',NULL,TO_DATE('08-09-2009','DD-MM-YYYY'));
INSERT INTO ZAGRODY VALUES (ID_ZAG.NEXTVAL,'AFRYKA',350,12,19,'PON,WT,SB',16,TO_DATE('11-12-2012','DD-MM-YYYY'));
INSERT INTO ZAGRODY VALUES (ID_ZAG.NEXTVAL,'STEP',550,10,19,'SR,NDZ',20,TO_DATE('15-06-2019','DD-MM-YYYY'));
INSERT INTO ZAGRODY VALUES (ID_ZAG.NEXTVAL,'TERRARIA',3,1,22,'NDZ',NULL,TO_DATE('09-11-2013','DD-MM-YYYY'));
INSERT INTO ZAGRODY VALUES (ID_ZAG.NEXTVAL,'STEP Z JEZIOREM',400,25,22,'PON,CZW',20,TO_DATE('13-03-2013','DD-MM-YYYY'));
INSERT INTO ZAGRODY VALUES (ID_ZAG.NEXTVAL,'OGROD JAPONSKI',720,15,25,'WT,SR,SB',24,TO_DATE('11-09-2001','DD-MM-YYYY'));
INSERT INTO ZAGRODY VALUES (ID_ZAG.NEXTVAL,'PUSTYNIA',80,6,28,'SR,NDZ',24,TO_DATE('01-02-2009','DD-MM-YYYY'));
INSERT INTO ZAGRODY VALUES (ID_ZAG.NEXTVAL,'LAS ROWNIKOWY',420,10,25,'WT,PT,NDZ',3,TO_DATE('01-09-2022','DD-MM-YYYY'));



CREATE SEQUENCE ID_ZWIERZETA START WITH 1 MAXVALUE 999 INCREMENT BY 1;
INSERT INTO ZWIERZETA VALUES (ID_ZWIERZETA.NEXTVAL,'ALPAKA','HOSIA',52,TO_DATE('19-08-2020','DD-MM-YYYY'),18,1,1);
INSERT INTO ZWIERZETA VALUES (ID_ZWIERZETA.NEXTVAL,'JASTRZAB','REN GER',5,TO_DATE('30-04-2016','DD-MM-YYYY'),7,12,24);
INSERT INTO ZWIERZETA VALUES (ID_ZWIERZETA.NEXTVAL,'ALPAKA','TOSIA',45,TO_DATE('12-11-2020','DD-MM-YYYY'),11,1,1);
INSERT INTO ZWIERZETA VALUES (ID_ZWIERZETA.NEXTVAL,'KROWA','TADEUSZ',90,TO_DATE('19-12-2020','DD-MM-YYYY'),5,1,4);
INSERT INTO ZWIERZETA VALUES (ID_ZWIERZETA.NEXTVAL,'KROWA','KORNISZON',95,TO_DATE('25-05-2015','DD-MM-YYYY'),7,1,4);
INSERT INTO ZWIERZETA VALUES (ID_ZWIERZETA.NEXTVAL,'BYK','JANUSZ',115,TO_DATE('19-02-2017','DD-MM-YYYY'),6,1,4);
INSERT INTO ZWIERZETA VALUES (ID_ZWIERZETA.NEXTVAL,'KURA','BASIA',3,TO_DATE('19-11-2018','DD-MM-YYYY'),4,1,13);
INSERT INTO ZWIERZETA VALUES (ID_ZWIERZETA.NEXTVAL,'MORSWIN','MACIEJ',74,TO_DATE('11-05-2022','DD-MM-YYYY'),2,4,15);
INSERT INTO ZWIERZETA VALUES (ID_ZWIERZETA.NEXTVAL,'KURA','JANKA',3,TO_DATE('17-12-2018','DD-MM-YYYY'),6,2,13);
INSERT INTO ZWIERZETA VALUES (ID_ZWIERZETA.NEXTVAL,'KACZKA','SKOCZKA',5,TO_DATE('05-11-2022','DD-MM-YYYY'),7,2,15);
INSERT INTO ZWIERZETA VALUES (ID_ZWIERZETA.NEXTVAL,'WIELORYB','WIELGAS',41000,TO_DATE('21-11-2010','DD-MM-YYYY'),23,3,13);
INSERT INTO ZWIERZETA VALUES (ID_ZWIERZETA.NEXTVAL,'WIELORYB','KRUSZYNKA',45920,TO_DATE('19-07-2008','DD-MM-YYYY'),45,3,13);
INSERT INTO ZWIERZETA VALUES (ID_ZWIERZETA.NEXTVAL,'ALPAKA','ZOSIA',44,TO_DATE('11-05-2015','DD-MM-YYYY'),12,1,1);
INSERT INTO ZWIERZETA VALUES (ID_ZWIERZETA.NEXTVAL,'FOKA','SLODZIAK',23,TO_DATE('13-08-2016','DD-MM-YYYY'),11,4,10);
INSERT INTO ZWIERZETA VALUES (ID_ZWIERZETA.NEXTVAL,'FOKA','BARBARA',22,TO_DATE('11-03-2012','DD-MM-YYYY'),12,4,10);
INSERT INTO ZWIERZETA VALUES (ID_ZWIERZETA.NEXTVAL,'FOKA','NATALIA',32,TO_DATE('07-07-2018','DD-MM-YYYY'),4,4,11);
INSERT INTO ZWIERZETA VALUES (ID_ZWIERZETA.NEXTVAL,'RYBITWA','EWELINA',5,TO_DATE('29-03-2020','DD-MM-YYYY'),2,8,18);
INSERT INTO ZWIERZETA VALUES (ID_ZWIERZETA.NEXTVAL,'KROWA MORSKA','MUCKA',112,TO_DATE('23-07-2008','DD-MM-YYYY'),22,4,17);
INSERT INTO ZWIERZETA VALUES (ID_ZWIERZETA.NEXTVAL,'KROWA MORSKA','PLOTKARA',99,TO_DATE('25-02-2001','DD-MM-YYYY'),34,4,17);
INSERT INTO ZWIERZETA VALUES (ID_ZWIERZETA.NEXTVAL,'REKIN','OKRUSZEK',220,TO_DATE('20-01-2019','DD-MM-YYYY'),4,5,17);
INSERT INTO ZWIERZETA VALUES (ID_ZWIERZETA.NEXTVAL,'REKIN PILA','PLKA',154,TO_DATE('21-11-2016','DD-MM-YYYY'),8,5,18);
INSERT INTO ZWIERZETA VALUES (ID_ZWIERZETA.NEXTVAL,'GORYL','SASUKE',110,TO_DATE('11-05-2005','DD-MM-YYYY'),41,15,29);
INSERT INTO ZWIERZETA VALUES (ID_ZWIERZETA.NEXTVAL,'KOGUT','KRZYS',6,TO_DATE('23-12-2020','DD-MM-YYYY'),2,2,14);
INSERT INTO ZWIERZETA VALUES (ID_ZWIERZETA.NEXTVAL,'ORKA','KILLER',12000,TO_DATE('17-03-2014','DD-MM-YYYY'),46,5,15);
INSERT INTO ZWIERZETA VALUES (ID_ZWIERZETA.NEXTVAL,'ORKA','BULDOG',11450,TO_DATE('19-09-2009','DD-MM-YYYY'),69,5,14);
INSERT INTO ZWIERZETA VALUES (ID_ZWIERZETA.NEXTVAL,'PINGWIN','FAJNY',45,TO_DATE('11-02-2014','DD-MM-YYYY'),12,6,13);
INSERT INTO ZWIERZETA VALUES (ID_ZWIERZETA.NEXTVAL,'PINGWIN','WYLUZOWANY',42,TO_DATE('11-02-2014','DD-MM-YYYY'),12,6,15);
INSERT INTO ZWIERZETA VALUES (ID_ZWIERZETA.NEXTVAL,'JASTRZAB','EREN JEGER',5,TO_DATE('29-04-2016','DD-MM-YYYY'),7,12,26);
INSERT INTO ZWIERZETA VALUES (ID_ZWIERZETA.NEXTVAL,'JASTRZAB','JREN EEGER',5,TO_DATE('30-04-2016','DD-MM-YYYY'),7,12,26);
INSERT INTO ZWIERZETA VALUES (ID_ZWIERZETA.NEXTVAL,'PINGWIN','SZYBKI',21,TO_DATE('12-02-2014','DD-MM-YYYY'),12,6,13);
INSERT INTO ZWIERZETA VALUES (ID_ZWIERZETA.NEXTVAL,'PINGWIN','GRUBY',32,TO_DATE('15-07-2018','DD-MM-YYYY'),7,6,11);
INSERT INTO ZWIERZETA VALUES (ID_ZWIERZETA.NEXTVAL,'PINGWIN','LYSY',43,TO_DATE('11-11-2011','DD-MM-YYYY'),11,6,10);
INSERT INTO ZWIERZETA VALUES (ID_ZWIERZETA.NEXTVAL,'MIS POLARNY','KRZYSZTOF',450,TO_DATE('25-10-2010','DD-MM-YYYY'),34,6,1);
INSERT INTO ZWIERZETA VALUES (ID_ZWIERZETA.NEXTVAL,'MIS POLARNY','BRAJAN',430,TO_DATE('13-01-2021','DD-MM-YYYY'),5,6,1);
INSERT INTO ZWIERZETA VALUES (ID_ZWIERZETA.NEXTVAL,'TYGRYS ANTARKTYCZNY','KARINA',120,TO_DATE('22-09-2014','DD-MM-YYYY'),32,7,18);
INSERT INTO ZWIERZETA VALUES (ID_ZWIERZETA.NEXTVAL,'TYGRYS ANTARKTYCZNY','DOMINIK',110,TO_DATE('11-09-2009','DD-MM-YYYY'),15,7,18);
INSERT INTO ZWIERZETA VALUES (ID_ZWIERZETA.NEXTVAL,'LAMPART MORSKI','DAREK',245,TO_DATE('15-02-2022','DD-MM-YYYY'),3,7,15);
INSERT INTO ZWIERZETA VALUES (ID_ZWIERZETA.NEXTVAL,'LAMPART MORSKI','KOCZKODAN',330,TO_DATE('11-04-2018','DD-MM-YYYY'),15,7,14);
INSERT INTO ZWIERZETA VALUES (ID_ZWIERZETA.NEXTVAL,'RYBITWA','PTASZEK',3,TO_DATE('01-02-2018','DD-MM-YYYY'),4,8,13);
INSERT INTO ZWIERZETA VALUES (ID_ZWIERZETA.NEXTVAL,'RYBITWA','GENOWEFA',3,TO_DATE('02-03-2019','DD-MM-YYYY'),5,8,17);
INSERT INTO ZWIERZETA VALUES (ID_ZWIERZETA.NEXTVAL,'RYBITWA','GRAZYNA',4,TO_DATE('22-11-2018','DD-MM-YYYY'),4,8,18);
INSERT INTO ZWIERZETA VALUES (ID_ZWIERZETA.NEXTVAL,'TARANTULA','GERALT',1,TO_DATE('01-02-2019','DD-MM-YYYY'),3,11,26);
INSERT INTO ZWIERZETA VALUES (ID_ZWIERZETA.NEXTVAL,'USZATKA','MARTA',76,TO_DATE('02-03-2011','DD-MM-YYYY'),32,8,13);
INSERT INTO ZWIERZETA VALUES (ID_ZWIERZETA.NEXTVAL,'USZATKA','KAROLINA',52,TO_DATE('21-01-2015','DD-MM-YYYY'),14,8,13);
INSERT INTO ZWIERZETA VALUES (ID_ZWIERZETA.NEXTVAL,'SLON INDYJSKI','INDYK',6100,TO_DATE('11-03-1998','DD-MM-YYYY'),31,9,26);
INSERT INTO ZWIERZETA VALUES (ID_ZWIERZETA.NEXTVAL,'SLON AFRYKANSKI','AFRYKANCZYK',6500,TO_DATE('17-02-2001','DD-MM-YYYY'),25,9,21);
INSERT INTO ZWIERZETA VALUES (ID_ZWIERZETA.NEXTVAL,'ZYRAFA','DLUGA',1300,TO_DATE('05-12-2011','DD-MM-YYYY'),11,9,26);
INSERT INTO ZWIERZETA VALUES (ID_ZWIERZETA.NEXTVAL,'ZYRAFA','SREDNIAK',1100,TO_DATE('12-01-2018','DD-MM-YYYY'),4,9,29);
INSERT INTO ZWIERZETA VALUES (ID_ZWIERZETA.NEXTVAL,'ZYRAFA','TECHNICZKA',1250,TO_DATE('15-11-2007','DD-MM-YYYY'),21,9,29);
INSERT INTO ZWIERZETA VALUES (ID_ZWIERZETA.NEXTVAL,'LEW','KUBUS',250,TO_DATE('23-12-2014','DD-MM-YYYY'),8,10,26);
INSERT INTO ZWIERZETA VALUES (ID_ZWIERZETA.NEXTVAL,'LEW','JANEK',230,TO_DATE('19-09-2019','DD-MM-YYYY'),3,10,26);
INSERT INTO ZWIERZETA VALUES (ID_ZWIERZETA.NEXTVAL,'TYGRYS','SZABLA',110,TO_DATE('12-12-2012','DD-MM-YYYY'),10,10,29);
INSERT INTO ZWIERZETA VALUES (ID_ZWIERZETA.NEXTVAL,'TYGRYS','POMARANCZKA',115,TO_DATE('03-02-2001','DD-MM-YYYY'),31,10,21);
INSERT INTO ZWIERZETA VALUES (ID_ZWIERZETA.NEXTVAL,'LAMPART','ZIOMEK',68,TO_DATE('29-01-2013','DD-MM-YYYY'),21,10,29);
INSERT INTO ZWIERZETA VALUES (ID_ZWIERZETA.NEXTVAL,'GEKON','STOKROTKA',4,TO_DATE('12-04-2019','DD-MM-YYYY'),3,11,26);
INSERT INTO ZWIERZETA VALUES (ID_ZWIERZETA.NEXTVAL,'GEKON','DMUCHAWIEC',2,TO_DATE('14-02-2019','DD-MM-YYYY'),3,11,26);
INSERT INTO ZWIERZETA VALUES (ID_ZWIERZETA.NEXTVAL,'REKIN MLOT','MLOTEK',132,TO_DATE('15-04-2009','DD-MM-YYYY'),23,5,10);
INSERT INTO ZWIERZETA VALUES (ID_ZWIERZETA.NEXTVAL,'PTASZNIK','TOSIA',1,TO_DATE('13-02-2020','DD-MM-YYYY'),2,11,21);
INSERT INTO ZWIERZETA VALUES (ID_ZWIERZETA.NEXTVAL,'JEZ AFRYKANSKI','YENNEFER',1,TO_DATE('06-06-2021','DD-MM-YYYY'),1,12,23);
INSERT INTO ZWIERZETA VALUES (ID_ZWIERZETA.NEXTVAL,'JEZ EUROPEJSKI','CIRI',2,TO_DATE('07-12-2018','DD-MM-YYYY'),4,12,29);
INSERT INTO ZWIERZETA VALUES (ID_ZWIERZETA.NEXTVAL,'KAPIBARA','JASKIER',17,TO_DATE('22-11-2015','DD-MM-YYYY'),11,12,29);
INSERT INTO ZWIERZETA VALUES (ID_ZWIERZETA.NEXTVAL,'KAPIBARA','WEDNESDAY',23,TO_DATE('04-08-2012','DD-MM-YYYY'),12,12,26);
INSERT INTO ZWIERZETA VALUES (ID_ZWIERZETA.NEXTVAL,'SURYKATKA','HONEY',6,TO_DATE('15-05-2017','DD-MM-YYYY'),5,12,29);
INSERT INTO ZWIERZETA VALUES (ID_ZWIERZETA.NEXTVAL,'SURYKATKA','PENELOPA',7,TO_DATE('06-12-2016','DD-MM-YYYY'),6,12,23);
INSERT INTO ZWIERZETA VALUES (ID_ZWIERZETA.NEXTVAL,'KOALA','MISIU',15,TO_DATE('15-05-2015','DD-MM-YYYY'),7,13,29);
INSERT INTO ZWIERZETA VALUES (ID_ZWIERZETA.NEXTVAL,'KOALA','MISIAK',18,TO_DATE('05-04-2009','DD-MM-YYYY'),17,13,21);
INSERT INTO ZWIERZETA VALUES (ID_ZWIERZETA.NEXTVAL,'PANDA','MIS',69,TO_DATE('23-03-2005','DD-MM-YYYY'),22,13,23);
INSERT INTO ZWIERZETA VALUES (ID_ZWIERZETA.NEXTVAL,'PANDA','NIEDZWIADEK',69,TO_DATE('06-08-2020','DD-MM-YYYY'),2,13,26);
INSERT INTO ZWIERZETA VALUES (ID_ZWIERZETA.NEXTVAL,'LIS JAPONSKI','KURAMA',17,TO_DATE('12-09-2014','DD-MM-YYYY'),8,13,29);
INSERT INTO ZWIERZETA VALUES (ID_ZWIERZETA.NEXTVAL,'TANUKA','SHUKAKU',23,TO_DATE('16-05-2019','DD-MM-YYYY'),3,13,26);
INSERT INTO ZWIERZETA VALUES (ID_ZWIERZETA.NEXTVAL,'KOT JAPONSKI','NARUTO',3,TO_DATE('23-03-2019','DD-MM-YYYY'),3,13,29);
INSERT INTO ZWIERZETA VALUES (ID_ZWIERZETA.NEXTVAL,'WAZ PYTON','MIKASA',17,TO_DATE('29-09-2020','DD-MM-YYYY'),2,14,27);
INSERT INTO ZWIERZETA VALUES (ID_ZWIERZETA.NEXTVAL,'KOBRA','LEVI',23,TO_DATE('11-02-2017','DD-MM-YYYY'),5,14,29);
INSERT INTO ZWIERZETA VALUES (ID_ZWIERZETA.NEXTVAL,'GRZECHOTNIK','SASHA',15,TO_DATE('27-07-2019','DD-MM-YYYY'),5,14,23);
INSERT INTO ZWIERZETA VALUES (ID_ZWIERZETA.NEXTVAL,'ORANGUTAN','ZEKE',93,TO_DATE('20-01-2009','DD-MM-YYYY'),31,15,23);
INSERT INTO ZWIERZETA VALUES (ID_ZWIERZETA.NEXTVAL,'JASTRZAB','EN ER',5,TO_DATE('30-04-2016','DD-MM-YYYY'),7,12,27);
INSERT INTO ZWIERZETA VALUES (ID_ZWIERZETA.NEXTVAL,'MALPA JANUSZ','SAKURA',52,TO_DATE('21-03-2007','DD-MM-YYYY'),20,15,21);
INSERT INTO ZWIERZETA VALUES (ID_ZWIERZETA.NEXTVAL,'MALPA JANUSZ','ITACHI',55,TO_DATE('21-01-2005','DD-MM-YYYY'),22,15,29);
INSERT INTO ZWIERZETA VALUES (ID_ZWIERZETA.NEXTVAL,'MALPIATKA','JIRAYA',23,TO_DATE('25-09-2009','DD-MM-YYYY'),13,15,27);
INSERT INTO ZWIERZETA VALUES (ID_ZWIERZETA.NEXTVAL,'ZUK','DEIDARA',1,TO_DATE('01-02-2022','DD-MM-YYYY'),1,11,29);
INSERT INTO ZWIERZETA VALUES (ID_ZWIERZETA.NEXTVAL,'ZUK','HIDAN',1,TO_DATE('01-09-2022','DD-MM-YYYY'),1,11,29);
INSERT INTO ZWIERZETA VALUES (ID_ZWIERZETA.NEXTVAL,'SKOLOPENDRA','KAKUZU',1,TO_DATE('06-04-2022','DD-MM-YYYY'),1,11,26);
INSERT INTO ZWIERZETA VALUES (ID_ZWIERZETA.NEXTVAL,'SKORPION','ANGEL',2,TO_DATE('19-09-2021','DD-MM-YYYY'),1,11,29);
INSERT INTO ZWIERZETA VALUES (ID_ZWIERZETA.NEXTVAL,'SKOLOPENDRA','DEVIL',1,TO_DATE('04-12-2021','DD-MM-YYYY'),1,11,21);
INSERT INTO ZWIERZETA VALUES (ID_ZWIERZETA.NEXTVAL,'PANDKA RUDA','EWRON',23,TO_DATE('18-08-2019','DD-MM-YYYY'),4,13,23);






COMMIT;